Workbook

Sheet Reference
A1: Item | B1: Unit | C1: Calories / unit | D1: Protein / unit | E1: Fat / unit | F1: Carbs / unit | G1: Fiber / unit
A2: Whole eggs | B2: # | C2: 72 | D2: 6.3 | E2: 4.8 | F2: 0.4 | G2: 0
A3: Egg whites | B3: gram | C3: 0.52 | D3: 0.11 | E3: 0 | F3: 0.01 | G3: 0
A4: Jocko protein powder | B4: gram | C4: 3.53 | D4: 0.65 | E4: 0.07 | F4: 0.15 | G4: 0
A5: Dry oats | B5: gram | C5: 3.9 | D5: 0.17 | E5: 0.07 | F5: 0.66 | G5: 0.1
A6: Whole milk (3.25% fat) | B6: gram | C6: 0.61 | D6: 0.03 | E6: 0.03 | F6: 0.05 | G6: 0
A7: Chicken breast (Raw) | B7: gram | C7: 1.2 | D7: 0.23 | E7: 0.03 | F7: 0 | G7: 0
A8: Jasmine rice (Uncooked) | B8: gram | C8: 3.6 | D8: 0.08 | E8: 0.01 | F8: 0.8 | G8: 0.01
A9: Broccoli | B9: gram | C9: 0.34 | D9: 0.03 | E9: 0 | F9: 0.07 | G9: 0.03
A10: Non-fat Greek yogurt | B10: gram | C10: 0.59 | D10: 0.1 | E10: 0 | F10: 0.04 | G10: 0
A11: Blueberries | B11: gram | C11: 0.57 | D11: 0.01 | E11: 0 | F11: 0.15 | G11: 0.02
A12: Almonds | B12: gram | C12: 5.8 | D12: 0.21 | E12: 0.5 | F12: 0.22 | G12: 0.13
A13: 93% lean ground beef (Raw) | B13: gram | C13: 1.72 | D13: 0.25 | E13: 0.08 | F13: 0 | G13: 0
... A39: Spinach (Raw) | B39: gram | C39: 0.23 | D39: 0.029 | E39: 0.004 | F39: 0.036 | G39: 0.022
A40: Note: Change/Add if necessary.

Sheet Reference Meal Plan
A1: Daily Meal Plan Sample
A2: Item | B2: Amount | C2: Unit | D2: Calories | E2: Protein (g) | F2: Fat (g) | G2: Carbs (g) | H2: Fiber (g)
A3: BREAKFAST
A4: Option A
A5: Frozen mixed berries | B5: 120 | C5: =INDEX(Reference!$B$2:$B$39,MATCH($A5,Reference!$A$2:$A$39,0)) -> gram | D5: =$B5*INDEX(Reference!$C$2:$C$39,MATCH($A5,Reference!$A$2:$A$39,0)) -> 66 | E5: =$B5*INDEX(Reference!$D$2:$D$39,MATCH($A5,Reference!$A$2:$A$39,0)) -> 1.2 | F5: =$B5*INDEX(Reference!$E$2:$E$39,MATCH($A5,Reference!$A$2:$A$39,0)) -> 0 | G5: =$B5*INDEX(Reference!$F$2:$F$39,MATCH($A5,Reference!$A$2:$A$39,0)) -> 15.6 | H5: =$B5*INDEX(Reference!$G$2:$G$39,MATCH($A5,Reference!$A$2:$A$39,0)) -> 2.4
A6: Banana | B6: 120 | C6: =INDEX(Reference!$B$2:$B$39,MATCH($A6,Reference!$A$2:$A$39,0)) -> gram | D6: =$B6*INDEX(Reference!$C$2:$C$39,MATCH($A6,Reference!$A$2:$A$39,0)) -> 106.8 | E6: =$B6*INDEX(Reference!$D$2:$D$39,MATCH($A6,Reference!$A$2:$A$39,0)) -> 1.2 | F6: =$B6*INDEX(Reference!$E$2:$E$39,MATCH($A6,Reference!$A$2:$A$39,0)) -> 0 | G6: =$B6*INDEX(Reference!$F$2:$F$39,MATCH($A6,Reference!$A$2:$A$39,0)) -> 27.6 | H6: =$B6*INDEX(Reference!$G$2:$G$39,MATCH($A6,Reference!$A$2:$A$39,0)) -> 3.6
A7: Whole milk (3.25% fat) | B7: 400 | C7: =INDEX(Reference!$B$2:$B$39,MATCH($A7,Reference!$A$2:$A$39,0)) -> gram | D7: =$B7*INDEX(Reference!$C$2:$C$39,MATCH($A7,Reference!$A$2:$A$39,0)) -> 244 | E7: =$B7*INDEX(Reference!$D$2:$D$39,MATCH($A7,Reference!$A$2:$A$39,0)) -> 12 | F7: =$B7*INDEX(Reference!$E$2:$E$39,MATCH($A7,Reference!$A$2:$A$39,0)) -> 12 | G7: =$B7*INDEX(Reference!$F$2:$F$39,MATCH($A7,Reference!$A$2:$A$39,0)) -> 20 | H7: =$B7*INDEX(Reference!$G$2:$G$39,MATCH($A7,Reference!$A$2:$A$39,0)) -> 0
A8: Jocko protein powder | B8: 45 | C8: =INDEX(Reference!$B$2:$B$39,MATCH($A8,Reference!$A$2:$A$39,0)) -> gram | D8: =$B8*INDEX(Reference!$C$2:$C$39,MATCH($A8,Reference!$A$2:$A$39,0)) -> 158.85 | E8: =$B8*INDEX(Reference!$D$2:$D$39,MATCH($A8,Reference!$A$2:$A$39,0)) -> 29.25 | F8: =$B8*INDEX(Reference!$E$2:$E$39,MATCH($A8,Reference!$A$2:$A$39,0)) -> 3.15 | G8: =$B8*INDEX(Reference!$F$2:$F$39,MATCH($A8,Reference!$A$2:$A$39,0)) -> 6.75 | H8: =$B8*INDEX(Reference!$G$2:$G$39,MATCH($A8,Reference!$A$2:$A$39,0)) -> 0
A9: Spinach (Raw) | B9: 30 | C9: =INDEX(Reference!$B$2:$B$39,MATCH($A9,Reference!$A$2:$A$39,0)) -> gram | D9: =$B9*INDEX(Reference!$C$2:$C$39,MATCH($A9,Reference!$A$2:$A$39,0)) -> 6.9 | E9: =$B9*INDEX(Reference!$D$2:$D$39,MATCH($A9,Reference!$A$2:$A$39,0)) -> 0.87 | F9: =$B9*INDEX(Reference!$E$2:$E$39,MATCH($A9,Reference!$A$2:$A$39,0)) -> 0.12 | G9: =$B9*INDEX(Reference!$F$2:$F$39,MATCH($A9,Reference!$A$2:$A$39,0)) -> 1.08 | H9: =$B9*INDEX(Reference!$G$2:$G$39,MATCH($A9,Reference!$A$2:$A$39,0)) -> 0.66
A10: Option A - Smoothie subtotal | D10: =SUM(D5:D9) -> 582.55 | E10: =SUM(E5:E9) -> 44.52 | F10: =SUM(F5:F9) -> 15.27 | G10: =SUM(G5:G9) -> 71.03 | H10: =SUM(H5:H9) -> 6.66
A11: Option B
A12: Dry oats | B12: 80 | C12: =INDEX(Reference!$B$2:$B$39,MATCH($A12,Reference!$A$2:$A$39,0)) -> gram | D12: =$B12*INDEX(Reference!$C$2:$C$39,MATCH($A12,Reference!$A$2:$A$39,0)) -> 312 | E12: =$B12*INDEX(Reference!$D$2:$D$39,MATCH($A12,Reference!$A$2:$A$39,0)) -> 13.6 | F12: =$B12*INDEX(Reference!$E$2:$E$39,MATCH($A12,Reference!$A$2:$A$39,0)) -> 5.6 | G12: =$B12*INDEX(Reference!$F$2:$F$39,MATCH($A12,Reference!$A$2:$A$39,0)) -> 52.8 | H12: =$B12*INDEX(Reference!$G$2:$G$39,MATCH($A12,Reference!$A$2:$A$39,0)) -> 8
A13: Whole milk (3.25% fat) | B13: 150 | C13: =INDEX(Reference!$B$2:$B$39,MATCH($A13,Reference!$A$2:$A$39,0)) -> gram | D13: =$B13*INDEX(Reference!$C$2:$C$39,MATCH($A13,Reference!$A$2:$A$39,0)) -> 91.5 | E13: =$B13*INDEX(Reference!$D$2:$D$39,MATCH($A13,Reference!$A$2:$A$39,0)) -> 4.5 | F13: =$B13*INDEX(Reference!$E$2:$E$39,MATCH($A13,Reference!$A$2:$A$39,0)) -> 4.5 | G13: =$B13*INDEX(Reference!$F$2:$F$39,MATCH($A13,Reference!$A$2:$A$39,0)) -> 7.5 | H13: =$B13*INDEX(Reference!$G$2:$G$39,MATCH($A13,Reference!$A$2:$A$39,0)) -> 0
A14: Non-fat Greek yogurt | B14: 150 | C14: =INDEX(Reference!$B$2:$B$39,MATCH($A14,Reference!$A$2:$A$39,0)) -> gram | D14: =$B14*INDEX(Reference!$C$2:$C$39,MATCH($A14,Reference!$A$2:$A$39,0)) -> 88.5 | E14: =$B14*INDEX(Reference!$D$2:$D$39,MATCH($A14,Reference!$A$2:$A$39,0)) -> 15 | F14: =$B14*INDEX(Reference!$E$2:$E$39,MATCH($A14,Reference!$A$2:$A$39,0)) -> 0 | G14: =$B14*INDEX(Reference!$F$2:$F$39,MATCH($A14,Reference!$A$2:$A$39,0)) -> 6 | H14: =$B14*INDEX(Reference!$G$2:$G$39,MATCH($A14,Reference!$A$2:$A$39,0)) -> 0
A15: Banana | B15: 80 | C15: =INDEX(Reference!$B$2:$B$39,MATCH($A15,Reference!$A$2:$A$39,0)) -> gram | D15: =$B15*INDEX(Reference!$C$2:$C$39,MATCH($A15,Reference!$A$2:$A$39,0)) -> 71.2 | E15: =$B15*INDEX(Reference!$D$2:$D$39,MATCH($A15,Reference!$A$2:$A$39,0)) -> 0.8 | F15: =$B15*INDEX(Reference!$E$2:$E$39,MATCH($A15,Reference!$A$2:$A$39,0)) -> 0 | G15: =$B15*INDEX(Reference!$F$2:$F$39,MATCH($A15,Reference!$A$2:$A$39,0)) -> 18.4 | H15: =$B15*INDEX(Reference!$G$2:$G$39,MATCH($A15,Reference!$A$2:$A$39,0)) -> 2.4
A16: Blueberries | B16: 40 | C16: =INDEX(Reference!$B$2:$B$39,MATCH($A16,Reference!$A$2:$A$39,0)) -> gram | D16: =$B16*INDEX(Reference!$C$2:$C$39,MATCH($A16,Reference!$A$2:$A$39,0)) -> 22.8 | E16: =$B16*INDEX(Reference!$D$2:$D$39,MATCH($A16,Reference!$A$2:$A$39,0)) -> 0.4 | F16: =$B16*INDEX(Reference!$E$2:$E$39,MATCH($A16,Reference!$A$2:$A$39,0)) -> 0 | G16: =$B16*INDEX(Reference!$F$2:$F$39,MATCH($A16,Reference!$A$2:$A$39,0)) -> 6 | H16: =$B16*INDEX(Reference!$G$2:$G$39,MATCH($A16,Reference!$A$2:$A$39,0)) -> 0.8
A17: Jocko protein powder | B17: 15 | C17: =INDEX(Reference!$B$2:$B$39,MATCH($A17,Reference!$A$2:$A$39,0)) -> gram | D17: =$B17*INDEX(Reference!$C$2:$C$39,MATCH($A17,Reference!$A$2:$A$39,0)) -> 52.95 | E17: =$B17*INDEX(Reference!$D$2:$D$39,MATCH($A17,Reference!$A$2:$A$39,0)) -> 9.75 | F17: =$B17*INDEX(Reference!$E$2:$E$39,MATCH($A17,Reference!$A$2:$A$39,0)) -> 1.05 | G17: =$B17*INDEX(Reference!$F$2:$F$39,MATCH($A17,Reference!$A$2:$A$39,0)) -> 2.25 | H17: =$B17*INDEX(Reference!$G$2:$G$39,MATCH($A17,Reference!$A$2:$A$39,0)) -> 0
A18: Option B - Overnight Oats subtotal | D18: =SUM(D12:D17) -> 638.95 | E18: =SUM(E12:E17) -> 44.05 | F18: =SUM(F12:F17) -> 11.15 | G18: =SUM(G12:G17) -> 92.95 | H18: =SUM(H12:H17) -> 11.2
A19: Option C
A20: Whole eggs | B20: 4 | C20: =INDEX(Reference!$B$2:$B$39,MATCH($A20,Reference!$A$2:$A$39,0)) -> # | D20: =$B20*INDEX(Reference!$C$2:$C$39,MATCH($A20,Reference!$A$2:$A$39,0)) -> 288 | E20: =$B20*INDEX(Reference!$D$2:$D$39,MATCH($A20,Reference!$A$2:$A$39,0)) -> 25.2 | F20: =$B20*INDEX(Reference!$E$2:$E$39,MATCH($A20,Reference!$A$2:$A$39,0)) -> 19.2 | G20: =$B20*INDEX(Reference!$F$2:$F$39,MATCH($A20,Reference!$A$2:$A$39,0)) -> 1.6 | H20: =$B20*INDEX(Reference!$G$2:$G$39,MATCH($A20,Reference!$A$2:$A$39,0)) -> 0
A21: Whole wheat bread | B21: 40 | C21: =INDEX(Reference!$B$2:$B$39,MATCH($A21,Reference!$A$2:$A$39,0)) -> gram | D21: =$B21*INDEX(Reference!$C$2:$C$39,MATCH($A21,Reference!$A$2:$A$39,0)) -> 100 | E21: =$B21*INDEX(Reference!$D$2:$D$39,MATCH($A21,Reference!$A$2:$A$39,0)) -> 5.2 | F21: =$B21*INDEX(Reference!$E$2:$E$39,MATCH($A21,Reference!$A$2:$A$39,0)) -> 1.6 | G21: =$B21*INDEX(Reference!$F$2:$F$39,MATCH($A21,Reference!$A$2:$A$39,0)) -> 16.4 | H21: =$B21*INDEX(Reference!$G$2:$G$39,MATCH($A21,Reference!$A$2:$A$39,0)) -> 2.8
A22: Avocado | B22: 120 | C22: =INDEX(Reference!$B$2:$B$39,MATCH($A22,Reference!$A$2:$A$39,0)) -> gram | D22: =$B22*INDEX(Reference!$C$2:$C$39,MATCH($A22,Reference!$A$2:$A$39,0)) -> 192 | E22: =$B22*INDEX(Reference!$D$2:$D$39,MATCH($A22,Reference!$A$2:$A$39,0)) -> 2.4 | F22: =$B22*INDEX(Reference!$E$2:$E$39,MATCH($A22,Reference!$A$2:$A$39,0)) -> 18 | G22: =$B22*INDEX(Reference!$F$2:$F$39,MATCH($A22,Reference!$A$2:$A$39,0)) -> 10.8 | H22: =$B22*INDEX(Reference!$G$2:$G$39,MATCH($A22,Reference!$A$2:$A$39,0)) -> 8.4
A23: Option C - Eggs & Toast subtotal | D23: =SUM(D20:D22) -> 580 | E23: =SUM(E20:E22) -> 32.8 | F23: =SUM(F20:F22) -> 38.8 | G23: =SUM(G20:G22) -> 28.8 | H23: =SUM(H20:H22) -> 11.2
A25: LUNCH
A26: Option A
A27: Chicken breast (Raw) | B27: 260 | C27: =INDEX(Reference!$B$2:$B$39,MATCH($A27,Reference!$A$2:$A$39,0)) -> gram | D27: =$B27*INDEX(Reference!$C$2:$C$39,MATCH($A27,Reference!$A$2:$A$39,0)) -> 312 | E27: =$B27*INDEX(Reference!$D$2:$D$39,MATCH($A27,Reference!$A$2:$A$39,0)) -> 59.8 | F27: =$B27*INDEX(Reference!$E$2:$E$39,MATCH($A27,Reference!$A$2:$A$39,0)) -> 7.8 | G27: =$B27*INDEX(Reference!$F$2:$F$39,MATCH($A27,Reference!$A$2:$A$39,0)) -> 0 | H27: =$B27*INDEX(Reference!$G$2:$G$39,MATCH($A27,Reference!$A$2:$A$39,0)) -> 0
A28: Raw sweet potato | B28: 220 | C28: =INDEX(Reference!$B$2:$B$39,MATCH($A28,Reference!$A$2:$A$39,0)) -> gram | D28: =$B28*INDEX(Reference!$C$2:$C$39,MATCH($A28,Reference!$A$2:$A$39,0)) -> 189.2 | E28: =$B28*INDEX(Reference!$D$2:$D$39,MATCH($A28,Reference!$A$2:$A$39,0)) -> 4.4 | F28: =$B28*INDEX(Reference!$E$2:$E$39,MATCH($A28,Reference!$A$2:$A$39,0)) -> 0 | G28: =$B28*INDEX(Reference!$F$2:$F$39,MATCH($A28,Reference!$A$2:$A$39,0)) -> 44 | H28: =$B28*INDEX(Reference!$G$2:$G$39,MATCH($A28,Reference!$A$2:$A$39,0)) -> 6.6
A29: Mixed salad (Lettuce, Tomato, Cucumber, Lemon) | B29: 1 | C29: =INDEX(Reference!$B$2:$B$39,MATCH($A29,Reference!$A$2:$A$39,0)) -> serving | D29: =$B29*INDEX(Reference!$C$2:$C$39,MATCH($A29,Reference!$A$2:$A$39,0)) -> 40 | E29: =$B29*INDEX(Reference!$D$2:$D$39,MATCH($A29,Reference!$A$2:$A$39,0)) -> 2 | F29: =$B29*INDEX(Reference!$E$2:$E$39,MATCH($A29,Reference!$A$2:$A$39,0)) -> 0.5 | G29: =$B29*INDEX(Reference!$F$2:$F$39,MATCH($A29,Reference!$A$2:$A$39,0)) -> 9 | H29: =$B29*INDEX(Reference!$G$2:$G$39,MATCH($A29,Reference!$A$2:$A$39,0)) -> 2
A30: Avocado | B30: 40 | C30: =INDEX(Reference!$B$2:$B$39,MATCH($A30,Reference!$A$2:$A$39,0)) -> gram | D30: =$B30*INDEX(Reference!$C$2:$C$39,MATCH($A30,Reference!$A$2:$A$39,0)) -> 64 | E30: =$B30*INDEX(Reference!$D$2:$D$39,MATCH($A30,Reference!$A$2:$A$39,0)) -> 0.8 | F30: =$B30*INDEX(Reference!$E$2:$E$39,MATCH($A30,Reference!$A$2:$A$39,0)) -> 6 | G30: =$B30*INDEX(Reference!$F$2:$F$39,MATCH($A30,Reference!$A$2:$A$39,0)) -> 3.6 | H30: =$B30*INDEX(Reference!$G$2:$G$39,MATCH($A30,Reference!$A$2:$A$39,0)) -> 2.8
A31: Olive oil | B31: 8 | C31: =INDEX(Reference!$B$2:$B$39,MATCH($A31,Reference!$A$2:$A$39,0)) -> gram | D31: =$B31*INDEX(Reference!$C$2:$C$39,MATCH($A31,Reference!$A$2:$A$39,0)) -> 70.72 | E31: =$B31*INDEX(Reference!$D$2:$D$39,MATCH($A31,Reference!$A$2:$A$39,0)) -> 0 | F31: =$B31*INDEX(Reference!$E$2:$E$39,MATCH($A31,Reference!$A$2:$A$39,0)) -> 8 | G31: =$B31*INDEX(Reference!$F$2:$F$39,MATCH($A31,Reference!$A$2:$A$39,0)) -> 0 | H31: =$B31*INDEX(Reference!$G$2:$G$39,MATCH($A31,Reference!$A$2:$A$39,0)) -> 0
A32: Option A subtotal | D32: =SUM(D27:D31) -> 675.92 | E32: =SUM(E27:E31) -> 67 | F32: =SUM(F27:F31) -> 22.3 | G32: =SUM(G27:G31) -> 56.6 | H32: =SUM(H27:H31) -> 11.4
A33: Option B
A34: Shrimp (Raw) | B34: 320 | C34: =INDEX(Reference!$B$2:$B$39,MATCH($A34,Reference!$A$2:$A$39,0)) -> gram | D34: =$B34*INDEX(Reference!$C$2:$C$39,MATCH($A34,Reference!$A$2:$A$39,0)) -> 316.8 | E34: =$B34*INDEX(Reference!$D$2:$D$39,MATCH($A34,Reference!$A$2:$A$39,0)) -> 76.8 | F34: =$B34*INDEX(Reference!$E$2:$E$39,MATCH($A34,Reference!$A$2:$A$39,0)) -> 0.96 | G34: =$B34*INDEX(Reference!$F$2:$F$39,MATCH($A34,Reference!$A$2:$A$39,0)) -> 0 | H34: =$B34*INDEX(Reference!$G$2:$G$39,MATCH($A34,Reference!$A$2:$A$39,0)) -> 0
A35: Jasmine rice (Uncooked) | B35: 70 | C35: =INDEX(Reference!$B$2:$B$39,MATCH($A35,Reference!$A$2:$A$39,0)) -> gram | D35: =$B35*INDEX(Reference!$C$2:$C$39,MATCH($A35,Reference!$A$2:$A$39,0)) -> 252 | E35: =$B35*INDEX(Reference!$D$2:$D$39,MATCH($A35,Reference!$A$2:$A$39,0)) -> 5.6 | F35: =$B35*INDEX(Reference!$E$2:$E$39,MATCH($A35,Reference!$A$2:$A$39,0)) -> 0.7 | G35: =$B35*INDEX(Reference!$F$2:$F$39,MATCH($A35,Reference!$A$2:$A$39,0)) -> 56 | H35: =$B35*INDEX(Reference!$G$2:$G$39,MATCH($A35,Reference!$A$2:$A$39,0)) -> 0.7
A36: Mixed salad (Lettuce, Tomato, Cucumber, Lemon) | B36: 1 | C36: =INDEX(Reference!$B$2:$B$39,MATCH($A36,Reference!$A$2:$A$39,0)) -> serving | D36: =$B36*INDEX(Reference!$C$2:$C$39,MATCH($A36,Reference!$A$2:$A$39,0)) -> 40 | E36: =$B36*INDEX(Reference!$D$2:$D$39,MATCH($A36,Reference!$A$2:$A$39,0)) -> 2 | F36: =$B36*INDEX(Reference!$E$2:$E$39,MATCH($A36,Reference!$A$2:$A$39,0)) -> 0.5 | G36: =$B36*INDEX(Reference!$F$2:$F$39,MATCH($A36,Reference!$A$2:$A$39,0)) -> 9 | H36: =$B36*INDEX(Reference!$G$2:$G$39,MATCH($A36,Reference!$A$2:$A$39,0)) -> 2
A37: Avocado | B37: 35 | C37: =INDEX(Reference!$B$2:$B$39,MATCH($A37,Reference!$A$2:$A$39,0)) -> gram | D37: =$B37*INDEX(Reference!$C$2:$C$39,MATCH($A37,Reference!$A$2:$A$39,0)) -> 56 | E37: =$B37*INDEX(Reference!$D$2:$D$39,MATCH($A37,Reference!$A$2:$A$39,0)) -> 0.7 | F37: =$B37*INDEX(Reference!$E$2:$E$39,MATCH($A37,Reference!$A$2:$A$39,0)) -> 5.25 | G37: =$B37*INDEX(Reference!$F$2:$F$39,MATCH($A37,Reference!$A$2:$A$39,0)) -> 3.15 | H37: =$B37*INDEX(Reference!$G$2:$G$39,MATCH($A37,Reference!$A$2:$A$39,0)) -> 2.45
A38: Non-fat Greek yogurt | B38: 35 | C38: =INDEX(Reference!$B$2:$B$39,MATCH($A38,Reference!$A$2:$A$39,0)) -> gram | D38: =$B38*INDEX(Reference!$C$2:$C$39,MATCH($A38,Reference!$A$2:$A$39,0)) -> 20.65 | E38: =$B38*INDEX(Reference!$D$2:$D$39,MATCH($A38,Reference!$A$2:$A$39,0)) -> 3.5 | F38: =$B38*INDEX(Reference!$E$2:$E$39,MATCH($A38,Reference!$A$2:$A$39,0)) -> 0 | G38: =$B38*INDEX(Reference!$F$2:$F$39,MATCH($A38,Reference!$A$2:$A$39,0)) -> 1.4 | H38: =$B38*INDEX(Reference!$G$2:$G$39,MATCH($A38,Reference!$A$2:$A$39,0)) -> 0
A39: Option B subtotal | D39: =SUM(D34:D38) -> 685.45 | E39: =SUM(E34:E38) -> 88.6 | F39: =SUM(F34:F38) -> 7.41 | G39: =SUM(G34:G38) -> 69.55 | H39: =SUM(H34:H38) -> 5.15
A40: Option C
A41: 93% lean ground beef (Raw) | B41: 240 | C41: =INDEX(Reference!$B$2:$B$39,MATCH($A41,Reference!$A$2:$A$39,0)) -> gram | D41: =$B41*INDEX(Reference!$C$2:$C$39,MATCH($A41,Reference!$A$2:$A$39,0)) -> 412.8 | E41: =$B41*INDEX(Reference!$D$2:$D$39,MATCH($A41,Reference!$A$2:$A$39,0)) -> 60 | F41: =$B41*INDEX(Reference!$E$2:$E$39,MATCH($A41,Reference!$A$2:$A$39,0)) -> 19.2 | G41: =$B41*INDEX(Reference!$F$2:$F$39,MATCH($A41,Reference!$A$2:$A$39,0)) -> 0 | H41: =$B41*INDEX(Reference!$G$2:$G$39,MATCH($A41,Reference!$A$2:$A$39,0)) -> 0
A42: Raw sweet potato | B42: 200 | C42: =INDEX(Reference!$B$2:$B$39,MATCH($A42,Reference!$A$2:$A$39,0)) -> gram | D42: =$B42*INDEX(Reference!$C$2:$C$39,MATCH($A42,Reference!$A$2:$A$39,0)) -> 172 | E42: =$B42*INDEX(Reference!$D$2:$D$39,MATCH($A42,Reference!$A$2:$A$39,0)) -> 4 | F42: =$B42*INDEX(Reference!$E$2:$E$39,MATCH($A42,Reference!$A$2:$A$39,0)) -> 0 | G42: =$B42*INDEX(Reference!$F$2:$F$39,MATCH($A42,Reference!$A$2:$A$39,0)) -> 40 | H42: =$B42*INDEX(Reference!$G$2:$G$39,MATCH($A42,Reference!$A$2:$A$39,0)) -> 6
A43: Mixed salad (Lettuce, Tomato, Cucumber, Lemon) | B43: 1 | C43: =INDEX(Reference!$B$2:$B$39,MATCH($A43,Reference!$A$2:$A$39,0)) -> serving | D43: =$B43*INDEX(Reference!$C$2:$C$39,MATCH($A43,Reference!$A$2:$A$39,0)) -> 40 | E43: =$B43*INDEX(Reference!$D$2:$D$39,MATCH($A43,Reference!$A$2:$A$39,0)) -> 2 | F43: =$B43*INDEX(Reference!$E$2:$E$39,MATCH($A43,Reference!$A$2:$A$39,0)) -> 0.5 | G43: =$B43*INDEX(Reference!$F$2:$F$39,MATCH($A43,Reference!$A$2:$A$39,0)) -> 9 | H43: =$B43*INDEX(Reference!$G$2:$G$39,MATCH($A43,Reference!$A$2:$A$39,0)) -> 2
A44: Non-fat Greek yogurt | B44: 35 | C44: =INDEX(Reference!$B$2:$B$39,MATCH($A44,Reference!$A$2:$A$39,0)) -> gram | D44: =$B44*INDEX(Reference!$C$2:$C$39,MATCH($A44,Reference!$A$2:$A$39,0)) -> 20.65 | E44: =$B44*INDEX(Reference!$D$2:$D$39,MATCH($A44,Reference!$A$2:$A$39,0)) -> 3.5 | F44: =$B44*INDEX(Reference!$E$2:$E$39,MATCH($A44,Reference!$A$2:$A$39,0)) -> 0 | G44: =$B44*INDEX(Reference!$F$2:$F$39,MATCH($A44,Reference!$A$2:$A$39,0)) -> 1.4 | H44: =$B44*INDEX(Reference!$G$2:$G$39,MATCH($A44,Reference!$A$2:$A$39,0)) -> 0
A45: Avocado | B45: 35 | C45: =INDEX(Reference!$B$2:$B$39,MATCH($A45,Reference!$A$2:$A$39,0)) -> gram | D45: =$B45*INDEX(Reference!$C$2:$C$39,MATCH($A45,Reference!$A$2:$A$39,0)) -> 56 | E45: =$B45*INDEX(Reference!$D$2:$D$39,MATCH($A45,Reference!$A$2:$A$39,0)) -> 0.7 | F45: =$B45*INDEX(Reference!$E$2:$E$39,MATCH($A45,Reference!$A$2:$A$39,0)) -> 5.25 | G45: =$B45*INDEX(Reference!$F$2:$F$39,MATCH($A45,Reference!$A$2:$A$39,0)) -> 3.15 | H45: =$B45*INDEX(Reference!$G$2:$G$39,MATCH($A45,Reference!$A$2:$A$39,0)) -> 2.45
A46: Option C subtotal | D46: =SUM(D41:D45) -> 701.45 | E46: =SUM(E41:E45) -> 70.2 | F46: =SUM(F41:F45) -> 24.95 | G46: =SUM(G41:G45) -> 53.55 | H46: =SUM(H41:H45) -> 10.45
A48: SNACK
A49: Option A
A50: Non-fat Greek yogurt | B50: 350 | C50: =INDEX(Reference!$B$2:$B$39,MATCH($A50,Reference!$A$2:$A$39,0)) -> gram | D50: =$B50*INDEX(Reference!$C$2:$C$39,MATCH($A50,Reference!$A$2:$A$39,0)) -> 206.5 | E50: =$B50*INDEX(Reference!$D$2:$D$39,MATCH($A50,Reference!$A$2:$A$39,0)) -> 35 | F50: =$B50*INDEX(Reference!$E$2:$E$39,MATCH($A50,Reference!$A$2:$A$39,0)) -> 0 | G50: =$B50*INDEX(Reference!$F$2:$F$39,MATCH($A50,Reference!$A$2:$A$39,0)) -> 14 | H50: =$B50*INDEX(Reference!$G$2:$G$39,MATCH($A50,Reference!$A$2:$A$39,0)) -> 0
A51: Banana | B51: 100 | C51: =INDEX(Reference!$B$2:$B$39,MATCH($A51,Reference!$A$2:$A$39,0)) -> gram | D51: =$B51*INDEX(Reference!$C$2:$C$39,MATCH($A51,Reference!$A$2:$A$39,0)) -> 89 | E51: =$B51*INDEX(Reference!$D$2:$D$39,MATCH($A51,Reference!$A$2:$A$39,0)) -> 1 | F51: =$B51*INDEX(Reference!$E$2:$E$39,MATCH($A51,Reference!$A$2:$A$39,0)) -> 0 | G51: =$B51*INDEX(Reference!$F$2:$F$39,MATCH($A51,Reference!$A$2:$A$39,0)) -> 23 | H51: =$B51*INDEX(Reference!$G$2:$G$39,MATCH($A51,Reference!$A$2:$A$39,0)) -> 3
A52: Peanut butter | B52: 18 | C52: =INDEX(Reference!$B$2:$B$39,MATCH($A52,Reference!$A$2:$A$39,0)) -> gram | D52: =$B52*INDEX(Reference!$C$2:$C$39,MATCH($A52,Reference!$A$2:$A$39,0)) -> 105.84 | E52: =$B52*INDEX(Reference!$D$2:$D$39,MATCH($A52,Reference!$A$2:$A$39,0)) -> 4.5 | F52: =$B52*INDEX(Reference!$E$2:$E$39,MATCH($A52,Reference!$A$2:$A$39,0)) -> 9 | G52: =$B52*INDEX(Reference!$F$2:$F$39,MATCH($A52,Reference!$A$2:$A$39,0)) -> 3.6 | H52: =$B52*INDEX(Reference!$G$2:$G$39,MATCH($A52,Reference!$A$2:$A$39,0)) -> 1.08
A53: Almonds | B53: 12 | C53: =INDEX(Reference!$B$2:$B$39,MATCH($A53,Reference!$A$2:$A$39,0)) -> gram | D53: =$B53*INDEX(Reference!$C$2:$C$39,MATCH($A53,Reference!$A$2:$A$39,0)) -> 69.6 | E53: =$B53*INDEX(Reference!$D$2:$D$39,MATCH($A53,Reference!$A$2:$A$39,0)) -> 2.52 | F53: =$B53*INDEX(Reference!$E$2:$E$39,MATCH($A53,Reference!$A$2:$A$39,0)) -> 6 | G53: =$B53*INDEX(Reference!$F$2:$F$39,MATCH($A53,Reference!$A$2:$A$39,0)) -> 2.64 | H53: =$B53*INDEX(Reference!$G$2:$G$39,MATCH($A53,Reference!$A$2:$A$39,0)) -> 1.56
A54: Blueberries | B54: 25 | C54: =INDEX(Reference!$B$2:$B$39,MATCH($A54,Reference!$A$2:$A$39,0)) -> gram | D54: =$B54*INDEX(Reference!$C$2:$C$39,MATCH($A54,Reference!$A$2:$A$39,0)) -> 14.25 | E54: =$B54*INDEX(Reference!$D$2:$D$39,MATCH($A54,Reference!$A$2:$A$39,0)) -> 0.25 | F54: =$B54*INDEX(Reference!$E$2:$E$39,MATCH($A54,Reference!$A$2:$A$39,0)) -> 0 | G54: =$B54*INDEX(Reference!$F$2:$F$39,MATCH($A54,Reference!$A$2:$A$39,0)) -> 3.75 | H54: =$B54*INDEX(Reference!$G$2:$G$39,MATCH($A54,Reference!$A$2:$A$39,0)) -> 0.5
A55: Option A subtotal | D55: =SUM(D50:D54) -> 485.19 | E55: =SUM(E50:E54) -> 43.27 | F55: =SUM(F50:F54) -> 15 | G55: =SUM(G50:G54) -> 46.99 | H55: =SUM(H50:H54) -> 6.14
A56: Option B
A57: Whole wheat bread | B57: 80 | C57: =INDEX(Reference!$B$2:$B$39,MATCH($A57,Reference!$A$2:$A$39,0)) -> gram | D57: =$B57*INDEX(Reference!$C$2:$C$39,MATCH($A57,Reference!$A$2:$A$39,0)) -> 200 | E57: =$B57*INDEX(Reference!$D$2:$D$39,MATCH($A57,Reference!$A$2:$A$39,0)) -> 10.4 | F57: =$B57*INDEX(Reference!$E$2:$E$39,MATCH($A57,Reference!$A$2:$A$39,0)) -> 3.2 | G57: =$B57*INDEX(Reference!$F$2:$F$39,MATCH($A57,Reference!$A$2:$A$39,0)) -> 32.8 | H57: =$B57*INDEX(Reference!$G$2:$G$39,MATCH($A57,Reference!$A$2:$A$39,0)) -> 5.6
A58: Peanut butter | B58: 28 | C58: =INDEX(Reference!$B$2:$B$39,MATCH($A58,Reference!$A$2:$A$39,0)) -> gram | D58: =$B58*INDEX(Reference!$C$2:$C$39,MATCH($A58,Reference!$A$2:$A$39,0)) -> 164.64 | E58: =$B58*INDEX(Reference!$D$2:$D$39,MATCH($A58,Reference!$A$2:$A$39,0)) -> 7 | F58: =$B58*INDEX(Reference!$E$2:$E$39,MATCH($A58,Reference!$A$2:$A$39,0)) -> 14 | G58: =$B58*INDEX(Reference!$F$2:$F$39,MATCH($A58,Reference!$A$2:$A$39,0)) -> 5.6 | H58: =$B58*INDEX(Reference!$G$2:$G$39,MATCH($A58,Reference!$A$2:$A$39,0)) -> 1.68
A59: Banana | B59: 100 | C59: =INDEX(Reference!$B$2:$B$39,MATCH($A59,Reference!$A$2:$A$39,0)) -> gram | D59: =$B59*INDEX(Reference!$C$2:$C$39,MATCH($A59,Reference!$A$2:$A$39,0)) -> 89 | E59: =$B59*INDEX(Reference!$D$2:$D$39,MATCH($A59,Reference!$A$2:$A$39,0)) -> 1 | F59: =$B59*INDEX(Reference!$E$2:$E$39,MATCH($A59,Reference!$A$2:$A$39,0)) -> 0 | G59: =$B59*INDEX(Reference!$F$2:$F$39,MATCH($A59,Reference!$A$2:$A$39,0)) -> 23 | H59: =$B59*INDEX(Reference!$G$2:$G$39,MATCH($A59,Reference!$A$2:$A$39,0)) -> 3
A60: Option B subtotal | D60: =SUM(D57:D59) -> 453.64 | E60: =SUM(E57:E59) -> 18.4 | F60: =SUM(F57:F59) -> 17.2 | G60: =SUM(G57:G59) -> 61.4 | H60: =SUM(H57:H59) -> 10.28
A62: DINNER
A63: Option A
A64: Cod (Raw) | B64: 350 | C64: =INDEX(Reference!$B$2:$B$39,MATCH($A64,Reference!$A$2:$A$39,0)) -> gram | D64: =$B64*INDEX(Reference!$C$2:$C$39,MATCH($A64,Reference!$A$2:$A$39,0)) -> 287 | E64: =$B64*INDEX(Reference!$D$2:$D$39,MATCH($A64,Reference!$A$2:$A$39,0)) -> 63 | F64: =$B64*INDEX(Reference!$E$2:$E$39,MATCH($A64,Reference!$A$2:$A$39,0)) -> 2.45 | G64: =$B64*INDEX(Reference!$F$2:$F$39,MATCH($A64,Reference!$A$2:$A$39,0)) -> 0 | H64: =$B64*INDEX(Reference!$G$2:$G$39,MATCH($A64,Reference!$A$2:$A$39,0)) -> 0
A65: Jasmine rice (Uncooked) | B65: 90 | C65: =INDEX(Reference!$B$2:$B$39,MATCH($A65,Reference!$A$2:$A$39,0)) -> gram | D65: =$B65*INDEX(Reference!$C$2:$C$39,MATCH($A65,Reference!$A$2:$A$39,0)) -> 324 | E65: =$B65*INDEX(Reference!$D$2:$D$39,MATCH($A65,Reference!$A$2:$A$39,0)) -> 7.2 | F65: =$B65*INDEX(Reference!$E$2:$E$39,MATCH($A65,Reference!$A$2:$A$39,0)) -> 0.9 | G65: =$B65*INDEX(Reference!$F$2:$F$39,MATCH($A65,Reference!$A$2:$A$39,0)) -> 72 | H65: =$B65*INDEX(Reference!$G$2:$G$39,MATCH($A65,Reference!$A$2:$A$39,0)) -> 0.9
A66: Mixed salad (Lettuce, Tomato, Cucumber, Lemon) | B66: 1 | C66: =INDEX(Reference!$B$2:$B$39,MATCH($A66,Reference!$A$2:$A$39,0)) -> serving | D66: =$B66*INDEX(Reference!$C$2:$C$39,MATCH($A66,Reference!$A$2:$A$39,0)) -> 40 | E66: =$B66*INDEX(Reference!$D$2:$D$39,MATCH($A66,Reference!$A$2:$A$39,0)) -> 2 | F66: =$B66*INDEX(Reference!$E$2:$E$39,MATCH($A66,Reference!$A$2:$A$39,0)) -> 0.5 | G66: =$B66*INDEX(Reference!$F$2:$F$39,MATCH($A66,Reference!$A$2:$A$39,0)) -> 9 | H66: =$B66*INDEX(Reference!$G$2:$G$39,MATCH($A66,Reference!$A$2:$A$39,0)) -> 2
A67: Non-fat Greek yogurt | B67: 25 | C67: =INDEX(Reference!$B$2:$B$39,MATCH($A67,Reference!$A$2:$A$39,0)) -> gram | D67: =$B67*INDEX(Reference!$C$2:$C$39,MATCH($A67,Reference!$A$2:$A$39,0)) -> 14.75 | E67: =$B67*INDEX(Reference!$D$2:$D$39,MATCH($A67,Reference!$A$2:$A$39,0)) -> 2.5 | F67: =$B67*INDEX(Reference!$E$2:$E$39,MATCH($A67,Reference!$A$2:$A$39,0)) -> 0 | G67: =$B67*INDEX(Reference!$F$2:$F$39,MATCH($A67,Reference!$A$2:$A$39,0)) -> 1 | H67: =$B67*INDEX(Reference!$G$2:$G$39,MATCH($A67,Reference!$A$2:$A$39,0)) -> 0
A68: Avocado | B68: 45 | C68: =INDEX(Reference!$B$2:$B$39,MATCH($A68,Reference!$A$2:$A$39,0)) -> gram | D68: =$B68*INDEX(Reference!$C$2:$C$39,MATCH($A68,Reference!$A$2:$A$39,0)) -> 72 | E68: =$B68*INDEX(Reference!$D$2:$D$39,MATCH($A68,Reference!$A$2:$A$39,0)) -> 0.9 | F68: =$B68*INDEX(Reference!$E$2:$E$39,MATCH($A68,Reference!$A$2:$A$39,0)) -> 6.75 | G68: =$B68*INDEX(Reference!$F$2:$F$39,MATCH($A68,Reference!$A$2:$A$39,0)) -> 4.05 | H68: =$B68*INDEX(Reference!$G$2:$G$39,MATCH($A68,Reference!$A$2:$A$39,0)) -> 3.15
A69: Option A subtotal | D69: =SUM(D64:D68) -> 737.75 | E69: =SUM(E64:E68) -> 75.6 | F69: =SUM(F64:F68) -> 10.6 | G69: =SUM(G64:G68) -> 86.05 | H69: =SUM(H64:H68) -> 6.05
A70: Option B
A71: Salmon (Raw) | B71: 240 | C71: =INDEX(Reference!$B$2:$B$39,MATCH($A71,Reference!$A$2:$A$39,0)) -> gram | D71: =$B71*INDEX(Reference!$C$2:$C$39,MATCH($A71,Reference!$A$2:$A$39,0)) -> 499.2 | E71: =$B71*INDEX(Reference!$D$2:$D$39,MATCH($A71,Reference!$A$2:$A$39,0)) -> 48 | F71: =$B71*INDEX(Reference!$E$2:$E$39,MATCH($A71,Reference!$A$2:$A$39,0)) -> 31.2 | G71: =$B71*INDEX(Reference!$F$2:$F$39,MATCH($A71,Reference!$A$2:$A$39,0)) -> 0 | H71: =$B71*INDEX(Reference!$G$2:$G$39,MATCH($A71,Reference!$A$2:$A$39,0)) -> 0
A72: Raw sweet potato | B72: 180 | C72: =INDEX(Reference!$B$2:$B$39,MATCH($A72,Reference!$A$2:$A$39,0)) -> gram | D72: =$B72*INDEX(Reference!$C$2:$C$39,MATCH($A72,Reference!$A$2:$A$39,0)) -> 154.8 | E72: =$B72*INDEX(Reference!$D$2:$D$39,MATCH($A72,Reference!$A$2:$A$39,0)) -> 3.6 | F72: =$B72*INDEX(Reference!$E$2:$E$39,MATCH($A72,Reference!$A$2:$A$39,0)) -> 0 | G72: =$B72*INDEX(Reference!$F$2:$F$39,MATCH($A72,Reference!$A$2:$A$39,0)) -> 36 | H72: =$B72*INDEX(Reference!$G$2:$G$39,MATCH($A72,Reference!$A$2:$A$39,0)) -> 5.4
A73: Mixed salad (Lettuce, Tomato, Cucumber, Lemon) | B73: 1 | C73: =INDEX(Reference!$B$2:$B$39,MATCH($A73,Reference!$A$2:$A$39,0)) -> serving | D73: =$B73*INDEX(Reference!$C$2:$C$39,MATCH($A73,Reference!$A$2:$A$39,0)) -> 40 | E73: =$B73*INDEX(Reference!$D$2:$D$39,MATCH($A73,Reference!$A$2:$A$39,0)) -> 2 | F73: =$B73*INDEX(Reference!$E$2:$E$39,MATCH($A73,Reference!$A$2:$A$39,0)) -> 0.5 | G73: =$B73*INDEX(Reference!$F$2:$F$39,MATCH($A73,Reference!$A$2:$A$39,0)) -> 9 | H73: =$B73*INDEX(Reference!$G$2:$G$39,MATCH($A73,Reference!$A$2:$A$39,0)) -> 2
A74: Non-fat Greek yogurt | B74: 25 | C74: =INDEX(Reference!$B$2:$B$39,MATCH($A74,Reference!$A$2:$A$39,0)) -> gram | D74: =$B74*INDEX(Reference!$C$2:$C$39,MATCH($A74,Reference!$A$2:$A$39,0)) -> 14.75 | E74: =$B74*INDEX(Reference!$D$2:$D$39,MATCH($A74,Reference!$A$2:$A$39,0)) -> 2.5 | F74: =$B74*INDEX(Reference!$E$2:$E$39,MATCH($A74,Reference!$A$2:$A$39,0)) -> 0 | G74: =$B74*INDEX(Reference!$F$2:$F$39,MATCH($A74,Reference!$A$2:$A$39,0)) -> 1 | H74: =$B74*INDEX(Reference!$G$2:$G$39,MATCH($A74,Reference!$A$2:$A$39,0)) -> 0
A75: Avocado | B75: 20 | C75: =INDEX(Reference!$B$2:$B$39,MATCH($A75,Reference!$A$2:$A$39,0)) -> gram | D75: =$B75*INDEX(Reference!$C$2:$C$39,MATCH($A75,Reference!$A$2:$A$39,0)) -> 32 | E75: =$B75*INDEX(Reference!$D$2:$D$39,MATCH($A75,Reference!$A$2:$A$39,0)) -> 0.4 | F75: =$B75*INDEX(Reference!$E$2:$E$39,MATCH($A75,Reference!$A$2:$A$39,0)) -> 3 | G75: =$B75*INDEX(Reference!$F$2:$F$39,MATCH($A75,Reference!$A$2:$A$39,0)) -> 1.8 | H75: =$B75*INDEX(Reference!$G$2:$G$39,MATCH($A75,Reference!$A$2:$A$39,0)) -> 1.4
A76: Option B subtotal | D76: =SUM(D71:D75) -> 740.75 | E76: =SUM(E71:E75) -> 56.5 | F76: =SUM(F71:F75) -> 34.7 | G76: =SUM(G71:G75) -> 47.8 | H76: =SUM(H71:H75) -> 8.8
A77: Option C
A78: Top sirloin steak (Raw) | B78: 320 | C78: =INDEX(Reference!$B$2:$B$39,MATCH($A78,Reference!$A$2:$A$39,0)) -> gram | D78: =$B78*INDEX(Reference!$C$2:$C$39,MATCH($A78,Reference!$A$2:$A$39,0)) -> 416 | E78: =$B78*INDEX(Reference!$D$2:$D$39,MATCH($A78,Reference!$A$2:$A$39,0)) -> 70.4 | F78: =$B78*INDEX(Reference!$E$2:$E$39,MATCH($A78,Reference!$A$2:$A$39,0)) -> 16 | G78: =$B78*INDEX(Reference!$F$2:$F$39,MATCH($A78,Reference!$A$2:$A$39,0)) -> 0 | H78: =$B78*INDEX(Reference!$G$2:$G$39,MATCH($A78,Reference!$A$2:$A$39,0)) -> 0
A79: Raw sweet potato | B79: 260 | C79: =INDEX(Reference!$B$2:$B$39,MATCH($A79,Reference!$A$2:$A$39,0)) -> gram | D79: =$B79*INDEX(Reference!$C$2:$C$39,MATCH($A79,Reference!$A$2:$A$39,0)) -> 223.6 | E79: =$B79*INDEX(Reference!$D$2:$D$39,MATCH($A79,Reference!$A$2:$A$39,0)) -> 5.2 | F79: =$B79*INDEX(Reference!$E$2:$E$39,MATCH($A79,Reference!$A$2:$A$39,0)) -> 0 | G79: =$B79*INDEX(Reference!$F$2:$F$39,MATCH($A79,Reference!$A$2:$A$39,0)) -> 52 | H79: =$B79*INDEX(Reference!$G$2:$G$39,MATCH($A79,Reference!$A$2:$A$39,0)) -> 7.8
A80: Mixed salad (Lettuce, Tomato, Cucumber, Lemon) | B80: 1 | C80: =INDEX(Reference!$B$2:$B$39,MATCH($A80,Reference!$A$2:$A$39,0)) -> serving | D80: =$B80*INDEX(Reference!$C$2:$C$39,MATCH($A80,Reference!$A$2:$A$39,0)) -> 40 | E80: =$B80*INDEX(Reference!$D$2:$D$39,MATCH($A80,Reference!$A$2:$A$39,0)) -> 2 | F80: =$B80*INDEX(Reference!$E$2:$E$39,MATCH($A80,Reference!$A$2:$A$39,0)) -> 0.5 | G80: =$B80*INDEX(Reference!$F$2:$F$39,MATCH($A80,Reference!$A$2:$A$39,0)) -> 9 | H80: =$B80*INDEX(Reference!$G$2:$G$39,MATCH($A80,Reference!$A$2:$A$39,0)) -> 2
A81: Non-fat Greek yogurt | B81: 25 | C81: =INDEX(Reference!$B$2:$B$39,MATCH($A81,Reference!$A$2:$A$39,0)) -> gram | D81: =$B81*INDEX(Reference!$C$2:$C$39,MATCH($A81,Reference!$A$2:$A$39,0)) -> 14.75 | E81: =$B81*INDEX(Reference!$D$2:$D$39,MATCH($A81,Reference!$A$2:$A$39,0)) -> 2.5 | F81: =$B81*INDEX(Reference!$E$2:$E$39,MATCH($A81,Reference!$A$2:$A$39,0)) -> 0 | G81: =$B81*INDEX(Reference!$F$2:$F$39,MATCH($A81,Reference!$A$2:$A$39,0)) -> 1 | H81: =$B81*INDEX(Reference!$G$2:$G$39,MATCH($A81,Reference!$A$2:$A$39,0)) -> 0
A82: Olive oil | B82: 5 | C82: =INDEX(Reference!$B$2:$B$39,MATCH($A82,Reference!$A$2:$A$39,0)) -> gram | D82: =$B82*INDEX(Reference!$C$2:$C$39,MATCH($A82,Reference!$A$2:$A$39,0)) -> 44.2 | E82: =$B82*INDEX(Reference!$D$2:$D$39,MATCH($A82,Reference!$A$2:$A$39,0)) -> 0 | F82: =$B82*INDEX(Reference!$E$2:$E$39,MATCH($A82,Reference!$A$2:$A$39,0)) -> 5 | G82: =$B82*INDEX(Reference!$F$2:$F$39,MATCH($A82,Reference!$A$2:$A$39,0)) -> 0 | H82: =$B82*INDEX(Reference!$G$2:$G$39,MATCH($A82,Reference!$A$2:$A$39,0)) -> 0
A83: Option C subtotal | D83: =SUM(D78:D82) -> 738.55 | E83: =SUM(E78:E82) -> 80.1 | F83: =SUM(F78:F82) -> 21.5 | G83: =SUM(G78:G82) -> 62 | H83: =SUM(H78:H82) -> 9.8
A85: OUT OF DIET (enter these yourself if necessary)
A86: XXX | C86: =IFERROR(INDEX(Reference!$B$2:$B$39,MATCH($A86,Reference!$A$2:$A$39,0)),"") | D86: =IFERROR($B86*INDEX(Reference!$C$2:$C$39,MATCH($A86,Reference!$A$2:$A$39,0)),0) -> 0 | E86: =IFERROR($B86*INDEX(Reference!$D$2:$D$39,MATCH($A86,Reference!$A$2:$A$39,0)),0) -> 0 | F86: =IFERROR($B86*INDEX(Reference!$E$2:$E$39,MATCH($A86,Reference!$A$2:$A$39,0)),0) -> 0 | G86: =IFERROR($B86*INDEX(Reference!$F$2:$F$39,MATCH($A86,Reference!$A$2:$A$39,0)),0) -> 0 | H86: =IFERROR($B86*INDEX(Reference!$G$2:$G$39,MATCH($A86,Reference!$A$2:$A$39,0)),0) -> 0
A87: XXX | C87: =IFERROR(INDEX(Reference!$B$2:$B$39,MATCH($A87,Reference!$A$2:$A$39,0)),"") | D87: =IFERROR($B87*INDEX(Reference!$C$2:$C$39,MATCH($A87,Reference!$A$2:$A$39,0)),0) -> 0 | E87: =IFERROR($B87*INDEX(Reference!$D$2:$D$39,MATCH($A87,Reference!$A$2:$A$39,0)),0) -> 0 | F87: =IFERROR($B87*INDEX(Reference!$E$2:$E$39,MATCH($A87,Reference!$A$2:$A$39,0)),0) -> 0 | G87: =IFERROR($B87*INDEX(Reference!$F$2:$F$39,MATCH($A87,Reference!$A$2:$A$39,0)),0) -> 0 | H87: =IFERROR($B87*INDEX(Reference!$G$2:$G$39,MATCH($A87,Reference!$A$2:$A$39,0)),0) -> 0
A88: XXX | C88: =IFERROR(INDEX(Reference!$B$2:$B$39,MATCH($A88,Reference!$A$2:$A$39,0)),"") | D88: =IFERROR($B88*INDEX(Reference!$C$2:$C$39,MATCH($A88,Reference!$A$2:$A$39,0)),0) -> 0 | E88: =IFERROR($B88*INDEX(Reference!$D$2:$D$39,MATCH($A88,Reference!$A$2:$A$39,0)),0) -> 0 | F88: =IFERROR($B88*INDEX(Reference!$E$2:$E$39,MATCH($A88,Reference!$A$2:$A$39,0)),0) -> 0 | G88: =IFERROR($B88*INDEX(Reference!$F$2:$F$39,MATCH($A88,Reference!$A$2:$A$39,0)),0) -> 0 | H88: =IFERROR($B88*INDEX(Reference!$G$2:$G$39,MATCH($A88,Reference!$A$2:$A$39,0)),0) -> 0
A89: XXX | C89: =IFERROR(INDEX(Reference!$B$2:$B$39,MATCH($A89,Reference!$A$2:$A$39,0)),"") | D89: =IFERROR($B89*INDEX(Reference!$C$2:$C$39,MATCH($A89,Reference!$A$2:$A$39,0)),0) -> 0 | E89: =IFERROR($B89*INDEX(Reference!$D$2:$D$39,MATCH($A89,Reference!$A$2:$A$39,0)),0) -> 0 | F89: =IFERROR($B89*INDEX(Reference!$E$2:$E$39,MATCH($A89,Reference!$A$2:$A$39,0)),0) -> 0 | G89: =IFERROR($B89*INDEX(Reference!$F$2:$F$39,MATCH($A89,Reference!$A$2:$A$39,0)),0) -> 0 | H89: =IFERROR($B89*INDEX(Reference!$G$2:$G$39,MATCH($A89,Reference!$A$2:$A$39,0)),0) -> 0
A90: XXX | C90: =IFERROR(INDEX(Reference!$B$2:$B$39,MATCH($A90,Reference!$A$2:$A$39,0)),"") | D90: =IFERROR($B90*INDEX(Reference!$C$2:$C$39,MATCH($A90,Reference!$A$2:$A$39,0)),0) -> 0 | E90: =IFERROR($B90*INDEX(Reference!$D$2:$D$39,MATCH($A90,Reference!$A$2:$A$39,0)),0) -> 0 | F90: =IFERROR($B90*INDEX(Reference!$E$2:$E$39,MATCH($A90,Reference!$A$2:$A$39,0)),0) -> 0 | G90: =IFERROR($B90*INDEX(Reference!$F$2:$F$39,MATCH($A90,Reference!$A$2:$A$39,0)),0) -> 0 | H90: =IFERROR($B90*INDEX(Reference!$G$2:$G$39,MATCH($A90,Reference!$A$2:$A$39,0)),0) -> 0
A91: XXX | C91: =IFERROR(INDEX(Reference!$B$2:$B$39,MATCH($A91,Reference!$A$2:$A$39,0)),"") | D91: =IFERROR($B91*INDEX(Reference!$C$2:$C$39,MATCH($A91,Reference!$A$2:$A$39,0)),0) -> 0 | E91: =IFERROR($B91*INDEX(Reference!$D$2:$D$39,MATCH($A91,Reference!$A$2:$A$39,0)),0) -> 0 | F91: =IFERROR($B91*INDEX(Reference!$E$2:$E$39,MATCH($A91,Reference!$A$2:$A$39,0)),0) -> 0 | G91: =IFERROR($B91*INDEX(Reference!$F$2:$F$39,MATCH($A91,Reference!$A$2:$A$39,0)),0) -> 0 | H91: =IFERROR($B91*INDEX(Reference!$G$2:$G$39,MATCH($A91,Reference!$A$2:$A$39,0)),0) -> 0
A92: XXX | C92: =IFERROR(INDEX(Reference!$B$2:$B$39,MATCH($A92,Reference!$A$2:$A$39,0)),"") | D92: =IFERROR($B92*INDEX(Reference!$C$2:$C$39,MATCH($A92,Reference!$A$2:$A$39,0)),0) -> 0 | E92: =IFERROR($B92*INDEX(Reference!$D$2:$D$39,MATCH($A92,Reference!$A$2:$A$39,0)),0) -> 0 | F92: =IFERROR($B92*INDEX(Reference!$E$2:$E$39,MATCH($A92,Reference!$A$2:$A$39,0)),0) -> 0 | G92: =IFERROR($B92*INDEX(Reference!$F$2:$F$39,MATCH($A92,Reference!$A$2:$A$39,0)),0) -> 0 | H92: =IFERROR($B92*INDEX(Reference!$G$2:$G$39,MATCH($A92,Reference!$A$2:$A$39,0)),0) -> 0
A93: XXX | C93: =IFERROR(INDEX(Reference!$B$2:$B$39,MATCH($A93,Reference!$A$2:$A$39,0)),"") | D93: =IFERROR($B93*INDEX(Reference!$C$2:$C$39,MATCH($A93,Reference!$A$2:$A$39,0)),0) -> 0 | E93: =IFERROR($B93*INDEX(Reference!$D$2:$D$39,MATCH($A93,Reference!$A$2:$A$39,0)),0) -> 0 | F93: =IFERROR($B93*INDEX(Reference!$E$2:$E$39,MATCH($A93,Reference!$A$2:$A$39,0)),0) -> 0 | G93: =IFERROR($B93*INDEX(Reference!$F$2:$F$39,MATCH($A93,Reference!$A$2:$A$39,0)),0) -> 0 | H93: =IFERROR($B93*INDEX(Reference!$G$2:$G$39,MATCH($A93,Reference!$A$2:$A$39,0)),0) -> 0
A94: XXX | C94: =IFERROR(INDEX(Reference!$B$2:$B$39,MATCH($A94,Reference!$A$2:$A$39,0)),"") | D94: =IFERROR($B94*INDEX(Reference!$C$2:$C$39,MATCH($A94,Reference!$A$2:$A$39,0)),0) -> 0 | E94: =IFERROR($B94*INDEX(Reference!$D$2:$D$39,MATCH($A94,Reference!$A$2:$A$39,0)),0) -> 0 | F94: =IFERROR($B94*INDEX(Reference!$E$2:$E$39,MATCH($A94,Reference!$A$2:$A$39,0)),0) -> 0 | G94: =IFERROR($B94*INDEX(Reference!$F$2:$F$39,MATCH($A94,Reference!$A$2:$A$39,0)),0) -> 0 | H94: =IFERROR($B94*INDEX(Reference!$G$2:$G$39,MATCH($A94,Reference!$A$2:$A$39,0)),0) -> 0
A95: XXX | C95: =IFERROR(INDEX(Reference!$B$2:$B$39,MATCH($A95,Reference!$A$2:$A$39,0)),"") | D95: =IFERROR($B95*INDEX(Reference!$C$2:$C$39,MATCH($A95,Reference!$A$2:$A$39,0)),0) -> 0 | E95: =IFERROR($B95*INDEX(Reference!$D$2:$D$39,MATCH($A95,Reference!$A$2:$A$39,0)),0) -> 0 | F95: =IFERROR($B95*INDEX(Reference!$E$2:$E$39,MATCH($A95,Reference!$A$2:$A$39,0)),0) -> 0 | G95: =IFERROR($B95*INDEX(Reference!$F$2:$F$39,MATCH($A95,Reference!$A$2:$A$39,0)),0) -> 0 | H95: =IFERROR($B95*INDEX(Reference!$G$2:$G$39,MATCH($A95,Reference!$A$2:$A$39,0)),0) -> 0
A96: Out of diet subtotal | D96: =SUM(D86:D95) -> 0 | E96: =SUM(E86:E95) -> 0 | F96: =SUM(F86:F95) -> 0 | G96: =SUM(G86:G95) -> 0 | H96: =SUM(H86:H95) -> 0
A98: Note: choose ONE option per meal.
A100: EXAMPLE DAY - Smoothie / Chicken / Yogurt Snack / Cod | D100: =D10+D32+D55+D69 -> 2481.41 | E100: =E10+E32+E55+E69 -> 230.39 | F100: =F10+F32+F55+F69 -> 63.17 | G100: =G10+G32+G55+G69 -> 260.67 | H100: =H10+H32+H55+H69 -> 30.25
A101: EXAMPLE DAY - Overnight Oats / Shrimp / PB Toast Snack / Salmon | D101: =D18+D39+D60+D76 -> 2518.79 | E101: =E18+E39+E60+E76 -> 207.55 | F101: =F18+F39+F60+F76 -> 70.46 | G101: =G18+G39+G60+G76 -> 271.7 | H101: =H18+H39+H60+H76 -> 35.43
A102: EXAMPLE DAY - Eggs & Toast / Ground Beef / Yogurt Snack / Steak | D102: =D23+D46+D55+D83 -> 2505.19 | E102: =E23+E46+E55+E83 -> 226.37 | F102: =F23+F46+F55+F83 -> 100.25 | G102: =G23+G46+G55+G83 -> 191.34 | H102: =H23+H46+H55+H83 -> 37.59
